<?xml version="1.0" encoding="UTF-8"?>
<!DOCTYPE mapper PUBLIC "-//mybatis.org//DTD Mapper 3.0//EN" "mybatis-3-mapper.dtd" >
<mapper namespace="bookMapper">

	<!-- 
		Reply 테이블로부터 조회된 ResultSet을
		Reply VO 타입으로 옮겨주는 ResultMap
	-->
	
	<resultMap id="replyResultSet" type="booking">
		<id column="BOOK_NO" property="bookNo"/>
		<result column="BOOK_DATE" property="bookDate"/>
		<result column="BOOK_COST" property="bookCost"/>
		<result column="COST_PROCESS" property="costProcess"/>
		<result column="STATUS" property="status"/>
		<result column="MODIFY_DATE" property="modifyDate"/>
		<result column="USER_NO" property="userNo"/>
	</resultMap>
	
	<resultMap id = "playingResultSet" type="playing">
		<id column="PLAYING_NO" property="playingNo"/>
		<result column="PLAYTIME" property="playTime"/>
		<result column="STATUS" property="status"/>
		<result column="MOVIE_NO" property="movieNo"/>
		<result column="SCREEN_NO" property="screenNo"/>
	</resultMap>
	
	<resultMap id = "screenResultSet" type="screen">
		<id column="SCREEN_NO" property="screenNo"/>
		<result column="SCREEN_NAME" property="screenName"/>
		<result column="SCREEN_CAPACITY" property="screenCapacity"/>
		<result column="SCREEN_INFO" property="screenInfo"/>
	</resultMap>
	
	<resultMap id = "seatResultSet" type="seat">
		<id column="SEAT_NO" property="seatNo"/>
		<result column="PLATING_NO" property="playingNo"/>
		<result column="SSEAT_NO" property="sseatNo"/>		
	</resultMap>

	
	<resultMap id = "screenSeatResultSet" type="screenseat">
		<id column="SSEAT_NO" property="sseatNo"/>
		<result column="SEAT_NO" property="seatNo"/>
		<result column="SCREEN_NO" property="screenNo"/>		
	</resultMap>
	
	<resultMap id = "bookingSeatResultSet" type="bookingseat">
		<id column="STATUS" property="status"/>
		<result column="TIMELIMIT" property="timeLimit"/>
		<result column="SEAT_NO" property="seatNo"/>		
	</resultMap>
	
	<resultMap id = "selectMovieDateDetail" type="playing">
		<id column="PLAYING_NO" property="playingNo"/>
		<result column="PLAYTIME" property="playTime"/>
		<result column="STATUS" property="status"/>
		<result column="MOVIE_NO" property="movieNo"/>
		<result column="MOVIE_TITLE" property="movieTitle"/>
		<result column="SCREEN_NO" property="screenNo"/>
		<result column="RUNTIME" property="runtime"/>
		<result column="SCREEN_CAPACITY" property="screenCapacity"/>
		<result column="OCCUPIED_SEATS" property="occupiedSeats"/>
	</resultMap>
	
	<resultMap id="selectMovieSeat" type="playing">
		<id column="PLAYING_NO" property="playingNo"/>
		<result column="PLAYTIME" property="playTime"/>
		<result column="SCREEN_NO" property="screenNo"/>
		<result column="SCREEN_NAME" property="screenName"/>
		<result column="SSEAT_NO" property="sseatNo"/>
		<result column="TIMELIMIT" property="timeLimit"/>
		<result column="SEAT_NO" property="seatNo"/>
		<result column="MOVIE_TITLE" property="movieTitle"/>
		<result column="RUNTIME" property="runtime"/>
	
	</resultMap>
	
	<select id = "selectMovieDate" parameterType="_int" resultMap="selectMovieDateDetail">
		SELECT 
		    P.PLAYING_NO,
		    P.PLAYTIME,
		    P.STATUS,
		    P.MOVIE_NO,
		    S.SCREEN_NO,
		    M.RUNTIME,
		    M.MOVIE_TITLE,
		    S.SCREEN_CAPACITY,
		    (SELECT COUNT(*) 
		     FROM BOOKING_SEAT 
		     WHERE PLAYING_NO = P.PLAYING_NO 
		       AND TIMELIMIT >= SYSDATE - INTERVAL '10' MINUTE) AS OCCUPIED_SEATS
		FROM 
		    PLAYING P
		JOIN
		    MOVIE M
		ON
		    P.MOVIE_NO = M.MOVIE_NO
		JOIN
		    SCREEN S
		ON
		    P.SCREEN_NO = S.SCREEN_NO
		WHERE 
		    P.STATUS = 'Y'
		    AND P.MOVIE_NO = #{movieNo}
	</select>
	
	<select id = "selectMovieSeat" parameterType="_int" resultMap="selectMovieSeat">
		SELECT 
		    P.PLAYING_NO,
		    P.PLAYTIME,
		    P.SCREEN_NO,
		    S.SCREEN_NAME,
		    BS.SSEAT_NO,
		    BS.TIMELIMIT,
		    SS.SEAT_NO,
		    M.MOVIE_TITLE,
		    M.RUNTIME
		FROM 
		    PLAYING P
		JOIN 
		    SCREEN S
		ON 
		    P.SCREEN_NO = S.SCREEN_NO
		LEFT JOIN 
		    BOOKING_SEAT BS
		ON 
		    P.PLAYING_NO = BS.PLAYING_NO
		LEFT JOIN 
		    SCREEN_SEAT SS
		ON 
		    BS.SSEAT_NO = SS.SSEAT_NO
		JOIN 
		    MOVIE M
		ON 
		    P.MOVIE_NO = M.MOVIE_NO
		WHERE  
		    P.PLAYING_NO = #{playingNo}
	</select>
	
	


</mapper>
