<?xml version="1.0" encoding="UTF-8"?>
<!DOCTYPE mapper PUBLIC "-//mybatis.org//DTD Mapper 3.0//EN" "mybatis-3-mapper.dtd" >
<mapper namespace="memberMapper">

	<resultMap id="memberResultSet" type="member">
		<id column="USER_NO" property="userNo" />
		<result column="USER_ID" property="userId" />
		<result column="USER_PWD" property="userPwd" />
		<result column="USER_NAME" property="userName" />
		<result column="EMAIL" property="email" />
		<result column="BIRTH" property="birth" />
		<result column="GENDER" property="gender" />
		<result column="MARKETING" property="marketing" />
		<result column="ENROLL_DATE" property="enrollDate" />
		<result column="STATUS" property="status" />
	</resultMap>
	
	<resultMap id="reserveResultSet" type="reserve">
		<result column="MOVIE_TITLE" property="movieTitle" />
	    <result column="RUNTIME" property="runtime" />
	    <result column="BOOK_NO" property="bookNo" />
	    <result column="BOOK_COST" property="bookCost" />
	    <result column="BOOK_TOTAL_COST" property="bookTotalCost" />
	    <result column="COST_PROCESS" property="costProcess" />
	    <result column="TOTALTICKETS" property="totalTickets" />
	    <result column="SCREEN_NAME" property="screenName" />
	    <result column="SEATNO" property="seatNo" />
	    <result column="PLAYTIME" property="playtime" />
	    <result column="ENDTIME" property="endTime" />
	    <result column="FILE_CODENAME" property="fileCodename" />
	    <result column="IMAGE_PATH" property="imagePath" />
	</resultMap>
	
	<resultMap id="cancelResultSet" type="reserve">
	    <result column="MOVIE_TITLE" property="movieTitle" />
	    <result column="SCREEN_NAME" property="screenName" />
	    <result column="PLAYTIME" property="playtime" />
	    <result column="MODIFY_DATE" property="modifyDate" />
	    <result column="BOOK_COST" property="bookCost" />
	    <result column="SEATNO" property="seatNo" />
	</resultMap>
	
	<resultMap id="couponResultSet" type="reserve">
	    <result column="COUPON_NAME" property="couponName" />
	</resultMap>
	
	
	<select id="loginMember" 
			parameterType="member"
			resultMap="memberResultSet">
		SELECT *
		  FROM MEMBER
		 WHERE USER_ID = #{userId}
		   AND STATUS = 'Y'
	</select>
	
	<insert id="insertMember" parameterType="member">
		INSERT INTO MEMBER(USER_NO
						 , USER_ID
		                 , USER_PWD
		                 , USER_NAME
		                 , EMAIL
		                 , BIRTH
		                 , GENDER
		                 , MARKETING)
		            VALUES(SEQ_UNO.NEXTVAL
		            	 , #{userId}
		                 , #{userPwd}
		                 , #{userName}
		                 , #{email}
		                 , #{birth}
		                 , #{gender}
		                 , #{marketing})
	</insert>
	
	<select id="idCheck" parameterType="string" resultType="_int">
	    SELECT COUNT(*)
	      FROM MEMBER
	     WHERE USER_ID = #{userId}
	</select>
	
	<update id="changePwd" parameterType="member">
	    UPDATE MEMBER
	       SET USER_PWD = #{userPwd}
	     WHERE USER_ID = #{userId}
	       AND STATUS = 'Y'
	</update>
	
	<update id="changeName" parameterType="member">
	    UPDATE MEMBER
	       SET USER_NAME = #{userName}
	     WHERE USER_ID = #{userId}
	       AND STATUS = 'Y'
	</update>
	
	<update id="changeGender" parameterType="member">
	    UPDATE MEMBER
	       SET GENDER = #{gender}
	     WHERE USER_ID = #{userId}
	       AND STATUS = 'Y'
	</update>
	
	<update id="changeBirth" parameterType="member">
	    UPDATE MEMBER
	       SET BIRTH = #{birth}
	     WHERE USER_ID = #{userId}
	       AND STATUS = 'Y'
	</update>
	
	<update id="changeMarketing" parameterType="member">
	    UPDATE MEMBER
	       SET MARKETING = #{marketing}
	     WHERE USER_ID = #{userId}
	       AND STATUS = 'Y'
	</update>
	
	<update id="withdrawMember" parameterType="member">
		UPDATE MEMBER
		   SET STATUS = 'N'
		 WHERE USER_ID = #{userId}
		   AND STATUS = 'Y'
	</update>
	
	<select id="reserveList" parameterType="int" resultMap="reserveResultSet">
		SELECT m.MOVIE_TITLE AS MOVIE_TITLE,
		       m.RUNTIME AS RUNTIME,
		       b.BOOK_NO AS BOOK_NO,
		       b.BOOK_COST AS BOOK_COST,
		       b.BOOK_TOTAL_COST AS BOOK_TOTAL_COST,
		       b.COST_PROCESS AS COST_PROCESS,
		       COUNT(ss.SEAT_NO) AS TOTALTICKETS,
		       s.SCREEN_NAME AS SCREEN_NAME,
		       LISTAGG(ss.SEAT_NO, ',') WITHIN GROUP (ORDER BY ss.SEAT_NO) AS SEATNO,
		       p.PLAYTIME AS PLAYTIME,
		       p.PLAYTIME + (m.RUNTIME / 1440) AS ENDTIME,
		       po.FILE_CODENAME AS FILE_CODENAME,
		       po.IMAGE_PATH AS IMAGE_PATH
		  FROM BOOKING b
		  JOIN BOOKING_SEAT bs ON b.BOOK_NO = bs.BOOK_NO
		  JOIN PLAYING p ON bs.PLAYING_NO = p.PLAYING_NO
		  JOIN MOVIE m ON p.MOVIE_NO = m.MOVIE_NO
		  JOIN SCREEN s ON p.SCREEN_NO = s.SCREEN_NO
		  JOIN SCREEN_SEAT ss ON bs.SSEAT_NO = ss.SSEAT_NO
		  LEFT JOIN POSTER po ON m.MOVIE_NO = po.MOVIE_NO
		 WHERE b.STATUS = 'Y'
		   AND b.USER_NO = #{userNo}
		   AND po.FILE_LEVEL = '1'
		 GROUP BY m.MOVIE_TITLE, m.RUNTIME, b.BOOK_NO, b.BOOK_COST, b.BOOK_TOTAL_COST, b.COST_PROCESS, s.SCREEN_NAME, 
		          p.PLAYTIME, (p.PLAYTIME + (m.RUNTIME / 1440)), po.FILE_CODENAME, po.IMAGE_PATH
		 ORDER BY p.PLAYTIME DESC
	</select>
	
	<select id="cancelList" parameterType="int" resultMap="cancelResultSet">
		SELECT m.MOVIE_TITLE AS MOVIE_TITLE,
		       s.SCREEN_NAME AS SCREEN_NAME,
		       p.PLAYTIME AS PLAYTIME,
		       b.MODIFY_DATE AS MODIFY_DATE,
		       b.BOOK_COST AS BOOK_COST,
		       LISTAGG(ss.SEAT_NO, ',') WITHIN GROUP (ORDER BY ss.SEAT_NO) AS SEATNO
		  FROM BOOKING b
		  JOIN BOOKING_SEAT bs ON b.BOOK_NO = bs.BOOK_NO
		  JOIN PLAYING p ON bs.PLAYING_NO = p.PLAYING_NO
		  JOIN MOVIE m ON p.MOVIE_NO = m.MOVIE_NO
		  JOIN SCREEN s ON p.SCREEN_NO = s.SCREEN_NO
		  JOIN SCREEN_SEAT ss ON bs.SSEAT_NO = ss.SSEAT_NO
		 WHERE b.STATUS = 'N'
		   AND b.USER_NO = #{userNo}
		 GROUP BY m.MOVIE_TITLE, s.SCREEN_NAME, p.PLAYTIME, b.MODIFY_DATE, b.BOOK_COST
		 ORDER BY p.PLAYTIME DESC
	</select>
	
	<select id="couponList" parameterType="int" resultMap="couponResultSet">
		SELECT c.COUPON_NAME AS COUPON_NAME
		  FROM COUPON_USER cu
		  JOIN COUPON c ON cu.COUPON_NO = c.COUPON_NO
		  JOIN BOOKING b ON cu.BOOK_NO = b.BOOK_NO
		 WHERE b.USER_NO = #{userNo}
		   AND b.STATUS = 'Y'
		   AND cu.COUPON_USE = 'O'
	</select>
	
	
	
	
	<!-- 결제페이지(형문) -->
	<select id="selectMember" parameterType="int" resultType="member">
		SELECT *
		  FROM MEMBER
		 WHERE USER_NO = #{userNo}
	</select>
</mapper>