<?xml version="1.0" encoding="UTF-8"?>
<beans xmlns="http://www.springframework.org/schema/beans"
	xmlns:xsi="http://www.w3.org/2001/XMLSchema-instance"
	xmlns:tx="http://www.springframework.org/schema/tx"
	xsi:schemaLocation="http://www.springframework.org/schema/beans https://www.springframework.org/schema/beans/spring-beans.xsd
		http://www.springframework.org/schema/tx http://www.springframework.org/schema/tx/spring-tx-4.3.xsd">
	

	
	<bean class="org.apache.commons.dbcp2.BasicDataSource" 
		  id="dataSource" destroy-method="close">
		<!-- 어느 DB 에 접속할건지 필드 정보로써 나열 -->
		<property name="driverClassName" 
				  value="oracle.jdbc.driver.OracleDriver" />
		<property name="url" value="jdbc:oracle:thin:@localhost:1521:xe" />
		<property name="username" value="FILOOM" />
		<property name="password" value="FILOOM" />
	</bean>
	

	<bean class="org.mybatis.spring.SqlSessionFactoryBean"
		  id="sqlSessionFactory">
		<property name="configLocation" value="classpath:mybatis-config.xml" />
		
		<property name="dataSource" ref="dataSource" />
	
	</bean>
	
	

	<bean class="org.mybatis.spring.SqlSessionTemplate"
		  id="sqlSession">
		<constructor-arg ref="sqlSessionFactory" />
	</bean>	
	

	<bean class="org.springframework.jdbc.datasource.DataSourceTransactionManager" 
		  id="transactionManager">
		<property name="dataSource" ref="dataSource" />
	</bean>	
		
	<!-- @Transactional 어노테이션 활성화 -->
	<tx:annotation-driven 
		transaction-manager="transactionManager" />
	
	
	<bean class="org.springframework.web.multipart.commons.CommonsMultipartResolver"
		  id="multipartResolver">
		<property name="defaultEncoding" value="UTF-8" />
		<property name="maxUploadSize" value="10000000" />
	</bean>
		
</beans>





