<?xml version="1.0" encoding="UTF-8"?>
<!DOCTYPE configuration
  PUBLIC "-//mybatis.org//DTD Config 3.0//EN"
  "https://mybatis.org/dtd/mybatis-3-config.dtd">
<configuration>
	<!-- 
		* 스프링에서 마이바티스 연동 시
		  기존의 설정 파일에 비해 작성할 내용이 간략해진다.
		  settings, typeAliases, mappers 영역만 작성!!
		- environments 영역은 DB 접속 정보 관련 영역이였는데,
		  주도권이 스프링에게 있기 때문에 이미 root-context.xml 에서 작성하고 넘어옴
		  (mybatis-config.xml 에서 작성하지 않음)
	-->
	
	<settings>
		<setting name="jdbcTypeForNull" value="NULL" />
	</settings>
	
	<typeAliases>
		<!-- <typeAlias type="com.kh.spring.board.model.vo.Reply" alias="reply" /> -->
		<typeAlias type = "com.kh.filoom.member.model.vo.Member" alias="member"/>
		<typeAlias type = "com.kh.filoom.book.model.vo.Booking" alias="booking"/>
		<typeAlias type = "com.kh.filoom.book.model.vo.BookingSeat" alias="bookingseat"/>
		<typeAlias type = "com.kh.filoom.book.model.vo.Playing" alias="playing"/>
		<typeAlias type = "com.kh.filoom.book.model.vo.Screen" alias="screen"/>
		<typeAlias type = "com.kh.filoom.book.model.vo.ScreenSeat" alias="screenseat"/>
		<typeAlias type = "com.kh.filoom.book.model.vo.Seat" alias="seat"/>
		
		<typeAlias type = "com.kh.filoom.movie.model.vo.Movie" alias="movie"/>
		<typeAlias type = "com.kh.filoom.movie.model.vo.Poster" alias="poster"/>		
		
		
		
		<!-- 개인 사용을 위한 typeAlias -->
		<typeAlias type = "com.kh.filoom.movie.model.vo.MovieWithPoster" alias="moviewithposter"/>		
		
	</typeAliases>
	
	<mappers>
		<!-- 
			아무리 mapper 파일이 있더라도 
			namespace 를 등록하지 않은 상태라면 오류가 난다!! 
		-->
		<!--<mapper resource="/mappers/board-mapper.xml" /> -->
		<mapper resource = "/mappers/member-mapper.xml"/>
		<mapper resource = "/mappers/movie-mapper.xml"/>
		<mapper resource = "/mappers/book-mapper.xml"/>
	
	</mappers>
	
</configuration>